CountryID,CountryName,Region,IncomeLevel,ECIID,Year,FDINet,FDIInflowstoGDP,FDIInflows,FDIOutflowsPercent,FDIOutflows,GDP,GDPGrowth,GovernmentSpending,GrossNationalSpending,InflationConsumerPrices,InflationRate,InflationPercent,MilitarySpending,GoodsNetTrade,GoodsandServicesNetTrade,TradePercent,ServicesTradedPercent,ElectricityAccess,AgriculturalCarbonDioxide,TransportCarbonDioxide,WasteCarbonDioxide,ForestArea,RenewableEnergyConsumption,TotalGreenhouseGas,LongTermExternalDebt,TotalPSD,LongTermPSD,ShortTermPSD,InterestPaymentsPercent,ExternalDebt,TotalDebt,FemaleLifeExpectancy,MaleLifeExpectancy,TotalLifeExpectancy,AdultLiteracyRate,YouthLiteracyRate,BasicDrinkingWater,SafelyManagedDrinkingWater,BasicHandwashing,PovertyRatio,NationalPovertyRatio,SocialPovertyRatio,UnemploymentwithAdvancedEducation,UnemploymentwithBasicEducation,UnemploymentWithintermediateEducation,TotalUnemployment,YouthUnemployment,ExchangeRate
MAR,Morocco,Middle East & North Africa,Lower middle income,ECI-MAR-2023,2023,-260042951.6,0.758899868,1095981206,0.578836049,835938254.4,144417000000,3.403341301,26148496308,156385000000,6.091141525,6.360948882,6.360948882,5184928400,-25112417350,-12012711189,93.79140306,26.17557992,,0.1669,17.3964,,,,2.82670695,55330533879,,,,,44352528457,4.07,,,,,,,,,,,,,,,,,10.1314261
ABW,Aruba,Latin America & Caribbean,High income,ECI-ABW-2023,2023,,2.506331286,91445330,2.506331286,91445330,3648573136,4.263719415,713751151,3397212355,,6.709461177,6.709461177,,,,169.7982829,,,,0.1864,,,,5.23011578,,,,,,,,,,,,,,,,,,,,,,,,1.79
AFG,Afghanistan,South Asia,Low income,ECI-AFG-2023,2023,,,,,,17233051620,2.710886791,3651720075,23052954246,,2.961653541,2.961653541,,,,67.27334328,,,0.0151,2.3412,,,,0.710656612,1874433293,,,,,2846973317,0.25,,,,,,,,,,,,,,,,,
AGO,Angola,Sub-Saharan Africa,Lower middle income,ECI-AGO-2023,2023,2152988344,-2.498839752,-2119632186,0.03932366,33356158.95,84824654482,1.00128936,4389558770,72379291302,13.64410178,17.61953772,17.61953772,1270158265,21799847335,13272713527,67.04168861,10.23149025,,,8.4967,,,,1.842203351,46651516910,,,,,46196293466,16.35,,,,,,,,,,,,,,,,,685.0202378
ALB,Albania,Europe & Central Asia,Upper middle income,ECI-ALB-2023,2023,-1358205661,6.883977454,1620982551,1.115958408,262776733.1,23547179830,3.936625257,2836603905,24763044420,4.759764219,6.066049475,6.066049475,397617613.1,-4911624604,-1275078201,82.4936846,44.98143858,,0.049,1.6819,0.0029,,,2.794529587,9585649421,19817475497,11047903872,8769571625,,5599604657,3.65,,,,,,,,,,,,8.947,9.694,12.824,10.669,25.419,100.645
AND,Andorra,Europe & Central Asia,High income,ECI-AND-2023,2023,,,,,,3785067332,2.58355481,,,,6.295600824,6.295600824,,,,,,,,,,,,,,,,,,,,,,,,,,,,,,,,,,,,0.924709623
ARE,United Arab Emirates,Middle East & North Africa,High income,ECI-ARE-2023,2023,,4.342888221,22328110000,4.342888221,22328110000,514130000000,3.618706535,63850894557,437580000000,1.626708372,-1.304200162,-1.304200162,,,,202.332536,,,,43.3677,,,,25.54650525,,,,,,,,,,,,,,,,,,,2.659,1.232,2.786,2.151,6.356,3.6725
ARG,Argentina,Latin America & Caribbean,Upper middle income,ECI-ARG-2023,2023,-20904799580,3.69401868,23866141440,0.458358641,2961341860,646075000000,-1.611001621,105875000000,657111000000,,135.3688763,135.3688763,3121892360,-2936850511,-9352747404,26.64051213,5.98026712,,2.4059,47.4454,0.012,,,8.030246824,164000000000,,,,,83278986031,7.24,,,,,,,,,,,,2.494,7.187,7.421,6.139,17.886,296.2580417
ARM,Armenia,Europe & Central Asia,Upper middle income,ECI-ARM-2023,2023,-526510467.3,2.409578645,580365078.7,0.22359533,53854611.31,24085749592,8.3,3407309672,24280957756,1.980418776,2.673003549,2.673003549,1329532625,-2514652434,-193722388.3,119.714643,37.61575632,,0.0452,2.4744,,,,3.62309004,12062333251,,,,,6351738599,11.84,,,,,,,,,,,,,,,,,392.4763022
ASM,American Samoa,East Asia & Pacific,High income,ECI-ASM-2023,2023,,,,,,,,,,,,,,,,,,,,,,,,0.17886829,,,,,,,,,,,,,,,,,,,,,,,,1
ATG,Antigua and Barbuda,Latin America & Caribbean,High income,ECI-ATG-2023,2023,-293118844.8,14.78529943,300597732.2,0.367859028,7478887.407,2033085185,3.862012187,,,5.067138654,4.805475773,4.805475773,,-651362851.1,-83379451.48,,82.50374384,,,0.1136,,,,4.164344807,,,,,,,,,,,,,,,,,,,,,,,,2.7
AUS,Australia,East Asia & Pacific,High income,ECI-AUS-2023,2023,-17885795878,1.880806481,32501414007,0.84578318,14615618129,1728060000000,3.4419922,368316000000,1652480000000,5.597014925,6.51199895,6.51199895,32340013665,83419785234,67997427735,49.22518406,9.596557599,,3.4267,95.6792,0.0158,,,21.45020126,,2210000000000,1630000000000,584000000000,,,,,,,,,,,,,,,2.373,8.035,3.67,3.668,8.319,1.505191066
AUT,Austria,Europe & Central Asia,High income,ECI-AUT-2023,2023,5445120679,0.571627955,2924935669,1.635782369,8370056348,511685000000,-0.954962367,104718000000,502015000000,7.81413417,6.647653416,6.647653416,4409985264,4319404033,10221561709,116.8139194,34.1417217,,0.0399,21.1419,0.0008,,,7.985480566,,,,,,,,,,,,,,,,,,,3.6,12.658,4.596,5.264,10.946,0.924839558
AZE,Azerbaijan,Europe & Central Asia,Upper middle income,ECI-AZE-2023,2023,1622389000,0.349432505,252836000,2.591658503,1875225000,72356176471,1.123974327,10139235294,61885235294,8.785430498,-9.20663945,-9.20663945,3561670588,12805563000,10470915000,83.61935035,20.59966229,,0.1408,8.3202,0.0024,,,6.160188963,13210640306,,,,,12574182882,2.66,,,,100,100,,,,,,,,,,,,1.7
BDI,Burundi,Sub-Saharan Africa,Low income,ECI-BDI-2023,2023,-32957887.85,1.291669013,34127983.54,0.044285545,1170095.685,2642161669,2.700000597,805999580.4,3145928916,26.94148358,11.37603149,11.37603149,147289296.7,-808618247.8,-1054714258,29.59324787,18.31908655,,,0.4063,,,,0.51492938,607085974.9,,,,,858402110.8,1.68,,,,,,,,,,,,,,,,,2574.051749
BEL,Belgium,Europe & Central Asia,High income,ECI-BEL-2023,2023,-10576848063,-0.430551199,-2776119887,-2.0709251,-13352967950,644783000000,1.251700632,153277000000,648649000000,4.049010776,4.508102849,4.508102849,7629396589,3023506866,-3916912630,168.9276037,48.40118955,,0.0296,21.9509,0.0023,,,9.024041981,,,,,,,,,,,,,,,,,,,2.948,12.656,6.249,5.528,16.083,0.924839558
BEN,Benin,Sub-Saharan Africa,Lower middle income,ECI-BEN-2023,2023,,0.248809707,48955920,0.248809707,48955920,19676049076,6.352821609,1870050530,21439722956,2.731024653,3.385464352,3.385464352,140776011.4,,,51.35046501,,,,4.2779,0.0004,,,1.183435601,9458471906,,,,,6792193667,4.87,,,,,,,,,,,,,,,,,606.6549823
BFA,Burkina Faso,Sub-Saharan Africa,Low income,ECI-BFA-2023,2023,,0.025458142,5174270,0.025458142,5174270,20324617845,2.960181474,4059856880,21767204362,0.742910429,1.998047524,1.998047524,826357641.2,,,64.82232112,,,,2.7255,,,,1.49644468,9765043223,,,,,3976881955,4.41,,,,,,,,,,,,10.75,7.238,7.66,5.348,8.581,606.5697502
BGD,Bangladesh,South Asia,Lower middle income,ECI-BGD-2023,2023,-1387217991,0.316668222,1385155352,-0.000471552,-2062639.476,437415000000,5.77511237,24780320479,460125000000,9.883503038,6.89712404,6.89712404,4207971901,-9652131723,-14287605601,30.98297141,3.976086471,,2.8182,11.649,,,,1.641018484,83284235879,204000000000,167000000000,36800888169,,63056265348,1.64,,,,,,,,,,,,,,,,,106.3094843
BGR,Bulgaria,Europe & Central Asia,High income,ECI-BGR-2023,2023,-2852510000,3.962897186,4058310000,1.177451064,1205800000,102408000000,1.886814839,18864101470,98206367732,9.442841401,7.984199243,7.984199243,1918445358,-4242940000,4219940000,119.6681203,23.5964689,,0.7915,9.4078,0.0013,,,8.279144528,,,,,,,,,,,,,,,,,,,1.872,12.485,4.136,4.319,12.092,1.808966667
BHR,Bahrain,Middle East & North Africa,High income,ECI-BHR-2023,2023,-5726595745,14.8429848,6839627660,2.415440814,1113031915,46079867021,2.980792767,6750398936,38109654255,0.074620678,-4.143751658,-4.143751658,1383776596,4502659574,7970212766,157.8318865,59.88099986,,,3.5207,,,,40.4131361,,,,,,,,,,,98,99,,,,,,,,,,,,0.376
BHS,"Bahamas, The",Latin America & Caribbean,High income,ECI-BHS-2023,2023,-97100072.13,2.248885553,322456455.1,1.571687296,225356382.9,14338500000,2.639055981,1858000000,14496500000,3.05291579,6.344420145,6.344420145,,-3213293991,-267677227,82.70488545,51.20252444,,,0.5914,0.001,,,5.132936111,,,,,,,,,,,,,,,,,,,3.101,16.86,9.774,8.643,17.888,1
BIH,Bosnia and Herzegovina,Europe & Central Asia,Upper middle income,ECI-BIH-2023,2023,-934281757.1,3.76226208,1035178227,0.366699139,100896470.3,27514782476,2.211124472,5277365779,31394727402,6.105901128,6.762704356,6.762704356,216702019.5,-5673713857,-3243798922,99.89836847,17.00727495,,0.003,4.4,0.0038,,,9.229929738,10189244733,,,,2.11,5601541884,6.13,,,,,,,,,,,,8.598,13.894,11.003,10.668,27.315,1.8092028
BLR,Belarus,Europe & Central Asia,Upper middle income,ECI-BLR-2023,2023,-1927205028,2.772307663,1992107728,0.090321547,64902700,71857382746,3.886242145,12974578948,69622691074,5.000599031,7.368230536,7.368230536,1403134160,-2527700000,249426569.1,132.9987973,20.28389205,,0.4522,9.682,0.0123,,,9.182268869,24952537507,,,,5.39,18095792547,11.46,,,,,,,,,,,,2.204,10.547,4,3.461,10.587,3.00735
BLZ,Belize,Latin America & Caribbean,Upper middle income,ECI-BLZ-2023,2023,-13782458.67,0.52293169,16037530.53,0.073530556,2255071.86,3066850000,1.149016821,482906700,2970938350,4.389840175,6.509701614,6.509701614,26451512.5,-777354049.5,-37145635.63,106.5317557,44.20799806,,,0.095,,,,2.238595399,1440022704,,,,,1287396580,3.86,,,,,,,,,,,,,,,,,2
BMU,Bermuda,North America,High income,ECI-BMU-2023,2023,,0.263826965,21480000,0.263826965,21480000,8141700000,-0.094823593,975400000,5836200000,,4.106392454,4.106392454,,,,77.54400187,,,,0.1232,,,,5.854895051,,,,,,,,,,,,,,,,,,,,,,,,1
BOL,Bolivia,Latin America & Caribbean,Lower middle income,ECI-BOL-2023,2023,-37147838.43,0.650691261,293692090.2,0.568388146,256544251.8,45135398009,3.081965241,8704977275,47569892749,2.576888005,-0.505250429,-0.505250429,644276785.9,261462050.5,-1083374855,56.45823896,7.904523199,,,11.9119,0.0026,,,4.507104163,14984901072,,,,,11953122532,3.9,,,,,,,,,,,,4.847,1.777,4.037,3.024,5.04,6.91
BRA,Brazil,Latin America & Caribbean,Upper middle income,ECI-BRA-2023,2023,-39079031685,2.954793452,64227330466,1.156953403,25148298781,2173670000000,2.908480487,396016000000,2122220000000,4.593562823,4.658994759,4.658994759,22887482838,92275436589,52175686567,33.85394659,6.021720926,,13.2291,216.8353,0.3025,,,6.157830875,509000000000,,,,24.14,205000000000,10.74,,,,,,,,,,,,4.247,10.549,8.962,7.947,17.958,4.994379763
BRB,Barbados,Latin America & Caribbean,High income,ECI-BRB-2023,2023,,0.119034632,8000000,0.119034632,8000000,6720733200,4.09382011,,,9.792070771,3.182129807,3.182129807,,,,,,,,0.2478,,,,3.502918508,,,,,,,,,,,,,,,,,,,,,,,,2
BRN,Brunei Darussalam,East Asia & Pacific,High income,ECI-BRN-2023,2023,50992640.19,-0.337068037,-50992640.19,,,15128292981,1.407068323,3451980950,12094289299,0.357064312,-12.89619563,-12.89619563,448911490.7,3799595757,2497163501,136.5630038,13.10427744,,,1.2412,0.0018,,,26.49074298,,,,,,,,,,,,,,,,,,,6.138,6.565,4.633,5.296,17.808,1.343079601
BTN,Bhutan,South Asia,Lower middle income,ECI-BTN-2023,2023,-11879561.41,,11916048.29,,36486.87477,,,,,4.229344199,,,,-744872915.7,-939178027.3,,14.92375751,,,0.4276,,,,4.139066742,3233877816,,,,,2922905826,,,,,,,,,,,,,9.331,2.205,7.894,3.126,14.981,82.59927645
BWA,Botswana,Sub-Saharan Africa,Upper middle income,ECI-BWA-2023,2023,-655929875.1,3.430679941,665417580.1,0.048915569,9487705.063,19396084498,2.73379817,5613838256,19824152636,5.067615493,2.12467972,2.12467972,511929918.6,-455649769.5,-829637310.5,68.85721263,8.53780488,,,2.3938,,,,5.125624737,1457909838,,,,,1772049654,1.28,,,,,,,,,,,,15.812,27.148,29.242,23.381,45.594,13.59638333
CAF,Central African Republic,Sub-Saharan Africa,Low income,ECI-CAF-2023,2023,,,,,,2555492085,0.870251451,213007420.6,3308034320,2.979138526,3.39995299,3.39995299,62321709.74,,,43.48057021,,,,0.2045,,,,2.426548607,442796838.2,,,,,776149104.9,1.41,,,,,,,,,,,,,,,,,606.5697502
CAN,Canada,North America,High income,ECI-CAN-2023,2023,35229170707,2.228511055,47745201181,3.872835394,82974371889,2142470000000,1.248927304,454346000000,2151860000000,3.879001598,1.534710113,1.534710113,27221543361,-1460443958,-9809215766,67.19249414,13.99613708,,3.7928,166.3535,0.1068,,,18.64637779,,3180000000000,,,7.61,,,,,,,,,,,,,,4.236,11.711,6.953,5.415,10.759,1.349908641
CHE,Switzerland,Europe & Central Asia,High income,ECI-CHE-2023,2023,99131491838,-5.948114408,-52637267567,5.253938475,46494224271,884940000000,0.716066869,100689000000,774882000000,2.13540088,1.023314026,1.023314026,6293390648,124944000000,97823999736,138.216915,40.41596568,,0.0547,14.6636,0.0085,,,4.888157673,,,,,,,,,,,,,,,,,,,3.07,7.64,3.75,4.043,7.857,0.89849
CHI,Channel Islands,Europe & Central Asia,High income,ECI-CHI-2023,2023,,,,,,12507927144,3.715005661,,,,5.75258335,5.75258335,,,,,,,,,,,,,,,,,,,,,,,,,,,,,,,,,,,,0.804538907
CHL,Chile,Latin America & Caribbean,High income,ECI-CHL-2023,2023,-15459843912,6.478592102,21737835925,1.871048692,6277992013,335533000000,0.218780667,50674556216,331150000000,7.581682514,6.599512046,6.599512046,5491661224,15323433158,4541738609,60.96709399,9.049960964,,0.3962,31.9471,0.0088,,,6.178550255,,,,,,,,,,,,,,,,,,,7.015,9.76,9.869,9.013,21.965,840.0665267
CHN,China,East Asia & Pacific,Upper middle income,ECI-CHN-2023,2023,142574000000,0.240113517,42727679407,1.041324581,185301000000,17794800000000,5.249557864,2937800000000,17388500000000,0.234836829,-0.582393794,-0.582393794,296439000000,593896000000,386063000000,37.31677136,4.899991756,,15.0616,1077.7615,3.6358,,,11.30210079,1080000000000,,,,,497000000000,2.18,,,,,,,,,,,,,,,,,7.083998423
CIV,C�te d�Ivoire,Sub-Saharan Africa,Lower middle income,ECI-CIV-2023,2023,,0.272461384,214905250,0.272461384,214905250,78875489245,6.2,8273311823,81662950330,4.38711707,2.92244,2.92244,681518423.6,,,52.57392021,,,0.136,5.1628,,,,1.032675265,29561955091,45282734704,44568724510,714010194.6,,27931278494,4.69,,,,,,,,,,,,,,,,,606.5697502
CMR,Cameroon,Sub-Saharan Africa,Lower middle income,ECI-CMR-2023,2023,,-0.221458187,-109133290,-0.221458187,-109133290,49279410983,3.248344978,5215888198,51245219532,7.382813843,4.65972286,4.65972286,456128243.8,,,37.21772818,,,0.0761,4.2671,,,,1.387855863,12385861468,,,,,11811226916,3.59,,,,,,,,,,,,,,,,,606.5697502
COD,"Congo, Dem. Rep.",Sub-Saharan Africa,Low income,ECI-COD-2023,2023,-2375258887,3.578097732,2375258887,0.354751686,235495830,66383287003,8.560862509,5266417237,68221629682,,13.17193122,13.17193122,794244598.1,1600591231,-4030194363,91.26126561,8.630933289,,,2.7708,,,,0.530352989,6467510547,,,,,8566272457,0.76,,,,,,,,,,,,,,,,,2340.035704
COG,"Congo, Rep.",Sub-Saharan Africa,Lower middle income,ECI-COG-2023,2023,,0.172079981,26364470,0.172079981,26364470,15321055823,1.906864263,2006951385,12627390337,4.301745636,-7.567702287,-7.567702287,284719248.4,,,96.2103944,,,,1.4583,,,,3.833485501,6875467270,,,,,6750342032,5.31,,,,,,,,,,,,,,,,,606.5697502
COL,Colombia,Latin America & Caribbean,Upper middle income,ECI-COL-2023,2023,-15969707903,4.716592169,17144522052,0.323200565,1174814149,363494000000,0.610409566,53629083058,381011000000,11.73590449,6.33605732,6.33605732,10701082030,-6731557955,-7956441650,40.49380015,8.937594685,,0.6396,36.7,0.0189,,,4.280612935,169000000000,251000000000,237000000000,14031914953,,110000000000,7.94,,,,,,,,,,,,9.66,8.805,11.581,9.603,19.379,4325.955
COM,Comoros,Sub-Saharan Africa,Lower middle income,ECI-COM-2023,2023,-5352754.894,0.395802293,5352754.894,,,1352380971,2.995674572,125122514.4,1650305566,,2.91808886,2.91808886,,-266606464.7,-355581804.8,47.94135819,23.79131244,,,0.1808,,,,0.895827429,348112436.8,,,,,319435993.2,1.39,,,,,,,,,,,,,,,,,454.9912367
CPV,Cabo Verde,Sub-Saharan Africa,Lower middle income,ECI-CPV-2023,2023,-151262678.3,6.264688577,158735894.9,0.294938801,7473216.58,2533819406,5.475435916,551190850.4,2990175407,3.724375177,3.792594321,3.792594321,13191422.86,-893150895,-456722251.7,94.73859049,39.1889957,,,0.5745,,,,2.357700385,1933793921,,,,,1549507569,6.49,,,,,,,,,,,,,,,,,101.8048125
CRI,Costa Rica,Latin America & Caribbean,Upper middle income,ECI-CRI-2023,2023,-3700614748,5.419180711,4687479758,1.140911556,986865009.6,86497941439,5.111921832,12865265663,81862287546,0.525193509,-0.087922597,-0.087922597,,-3158366880,5270322448,72.47199908,24.46790828,,0.145,6.0686,,,,3.225544875,31377966114,62954992134,62336178869,618813265.7,,15890402268,6.31,,,,,,,,,0.9,,24.1,5.226,7.768,11.998,8.325,24.239,544.0507755
CUB,Cuba,Latin America & Caribbean,Upper middle income,ECI-CUB-2023,2023,,,,,,,-1.928992112,,,,,,,,,,,,0.0223,1.2207,0.0005,,,3.575367214,,,,,,,,,,,,,,,,,,,,,,,,
CUW,Cura�ao,Latin America & Caribbean,High income,ECI-CUW-2023,2023,-129337585.8,4.162910899,136602563.6,0.221397422,7264977.827,3281419347,4.202,,,,2.403551853,2.403551853,,-1269643140,-657754762.2,,75.60729027,,,,,,,,,,,,,,,,,,,,,,,,,,,,,,,1.79
CYM,Cayman Islands,Latin America & Caribbean,High income,ECI-CYM-2023,2023,,286.0400677,20421626280,286.0400677,20421626280,7139428558,4.359675957,,,,3.640920969,3.640920969,,,,,,,,0.1259,,,,5.341055341,,,,,,,,,,,,,,,,,,,,,,,,0.83333
CYP,Cyprus,Europe & Central Asia,High income,ECI-CYP-2023,2023,-4074720212,-26.38874863,-8942336964,-38.41320799,-13017057176,33886930712,2.611900909,6288871589,33463096319,3.541341888,3.82970232,3.82970232,566873090.4,-7689918847,-282831185.8,192.7869215,120.4329176,,0.0036,1.8772,,,,7.676493856,,,,,,,,,,,,,,,,,,,5.328,5.854,6.371,5.835,16.565,0.924839558
CZE,Czechia,Europe & Central Asia,High income,ECI-CZE-2023,2023,-729773116.1,2.396610104,8225354599,2.183950895,7495491450,343208000000,-0.085330276,67469113324,326066000000,10.66126014,8.15889264,8.15889264,5056277310,13075215138,17294807587,132.9520932,21.90877159,,0.1359,19.3862,0.0563,,,10.53368534,,,,,,,,,,,,,,,,,,,1.307,4.011,1.99,2.58,8.502,22.19808333
DEU,Germany,Europe & Central Asia,High income,ECI-DEU-2023,2023,72407214132,0.431214647,19515498092,2.031149245,91923800663,4525700000000,-0.26643841,960749000000,4344420000000,5.946436677,6.14291653,6.14291653,66826634284,249854000000,179880000000,82.79910645,21.11559009,,0.566,139.7212,0.0309,,,8.186963256,,,,,,,,,,,,,,,,,,,2.149,6.322,2.571,3.068,5.927,0.924839558
DJI,Djibouti,Middle East & North Africa,Lower middle income,ECI-DJI-2023,2023,-137009451,3.342892057,137009451,,,4098530514,6.676649644,593854249.6,4282583734,1.495068165,4.564525794,4.564525794,,289631109.2,607408270.4,342.7023577,46.17149721,,,0.3471,,,,1.849526083,2846358659,,,,,2671932854,2.53,,,,,,,,,,,,,,,,,177.721
DMA,Dominica,Latin America & Caribbean,Upper middle income,ECI-DMA-2023,2023,-21486771.37,3.163815102,20691116.41,-0.121661159,-795654.9671,653992592.6,4.712238185,,,4.22769325,2.866215998,2.866215998,,-242305457.2,-229068037.6,,47.4807995,,,0.0276,0.0001,,,2.208690422,378619160.5,,,,,328025926.4,7.19,,,,,,,,,,,,,,,,,2.7
DNK,Denmark,Europe & Central Asia,High income,ECI-DNK-2023,2023,6247097183,1.124285847,4576876843,2.65885258,10823974026,407092000000,2.495184331,91520470898,373911000000,3.305178112,-3.788917986,-3.788917986,8144932202,30213018757,33168536666,127.7685675,56.29775071,,0.0558,11.2366,0.001,,,7.034107556,,,,,,,,,,,,,,,,,,,3.855,8.746,4.563,5.094,11.517,6.889702586
DOM,Dominican Republic,Latin America & Caribbean,Upper middle income,ECI-DOM-2023,2023,-4390200000,3.911670461,4750500000,0.296679269,360300000,121444000000,2.360615687,13711094851,130356000000,4.78561281,6.423919802,6.423919802,893165643.4,-15891200000,-8612500000,49.61533219,15.26864839,,0.1869,8.3823,0.0005,,,4.271032405,46917295606,71579314892,71579314892,,,33791197618,4.42,,,,,,,,,,,,5.673,4.471,7.326,5.555,11.847,56.1576
DZA,Algeria,Middle East & North Africa,Upper middle income,ECI-DZA-2023,2023,-1132222101,0.49097261,1215776627,0.033742205,83554525.93,247626000000,4.1,44394285862,238820000000,9.322173759,0.854841037,0.854841037,18263967968,12133489638,7300036762,43.6829142,5.04560343,,0.0931,46.5578,0.0024,,,5.562578672,1274563508,,,,,4839222679,0.19,,,,,,,,,,,,,,,,,135.8429333
ECU,Ecuador,Latin America & Caribbean,Upper middle income,ECI-ECU-2023,2023,-383006348.5,0.322274315,383006348.5,,,118845000000,2.355217907,16543070000,118509000000,2.215687642,-0.408196858,-0.408196858,2726300000,2206803635,109806009.9,57.84775435,7.129821624,,0.5457,21.8914,0.0047,,,4.093674095,49590821905,,,,,42649465291,5.73,,,,,,,,,4.7,,26.7,5.501,1.912,5.092,3.51,7.754,1
EGY,"Egypt, Arab Rep.",Middle East & North Africa,Lower middle income,ECI-EGY-2023,2023,-9450200000,2.484984331,9840600000,0.098585237,390400000,396002000000,3.758700552,26876298170,404866000000,33.88477631,24.82506537,24.82506537,3164630287,-25690350000,-14047300000,40.44243822,14.05419168,,2.7608,51.9232,0.0005,,,2.933301921,119000000000,,,,,121000000000,5.65,,,,,,,,,,,,14.175,4.313,6.085,6.753,16.912,30.6264137
ERI,Eritrea,Sub-Saharan Africa,Low income,ECI-ERI-2023,2023,,,,,,,,,,,,,,,,,,,,0.2105,,,,1.844691807,628285476.2,,,,,513130646.5,,,,,,,,,,,,,,,,,,15.075
ESP,Spain,Europe & Central Asia,High income,ECI-ESP-2023,2023,-3277675085,2.65127535,42953066298,2.448894827,39674318207,1620090000000,2.675663493,315327000000,1556470000000,3.532361335,6.235280039,6.235280039,23699130514,-37500376165,63702074653,72.19172889,18.08059313,,0.889,92.1021,4.1758,,,5.902714306,,,,,,,,,,,,,,,,,,,7.38,17.649,13.271,12.179,28.666,0.924839558
EST,Estonia,Europe & Central Asia,High income,ECI-EST-2023,2023,-3145151486,12.95869166,5350805152,5.341698109,2205653665,41291245222,-3.023035841,8523998490,42050468802,9.15922508,8.054783147,8.054783147,1189493563,-2465067007,350690236.5,154.8592446,54.56529813,,0.071,2.3551,0.0001,,,10.48248322,,,,,,,,,,,,,,,,,,,3.564,12.909,7.43,6.378,17.301,0.924839558
ETH,Ethiopia,Sub-Saharan Africa,Low income,ECI-ETH-2023,2023,-3262966284,1.993285029,3262966284,,,163698000000,6.498134642,10343027761,175811000000,30.21882781,33.02069288,33.02069288,1226452568,-11848615111,-12086017009,20.58541157,9.181016712,,0.4723,6.6374,0.0016,,,1.321250015,31914034150,,,,9.03,27165992931,0.96,,,,,,,,,,,,,,,,,54.60094807
FIN,Finland,Europe & Central Asia,High income,ECI-FIN-2023,2023,-985409102.3,-0.088016243,-260116463.7,-0.421819825,-1246614004,295532000000,-1.163962815,75583920865,296389000000,6.250643222,3.913517347,3.913517347,7348032204,10190721724,870993170.8,85.33367481,27.44755416,,,8.9587,,,,7.78191128,,,,,,,,,,,,,,,,,,,3.978,15.818,7.639,7.151,16.162,0.924839558
FJI,Fiji,East Asia & Pacific,Upper middle income,ECI-FJI-2023,2023,,0.532449873,28976170,0.532449873,28976170,5442046565,7.524290882,,,2.148174406,4.099576358,4.099576358,72459177.49,,,,,,,1.111,,,,3.680158417,2337596197,,,,,1499294063,4.26,,,,,,,,,,,,,,,,,2.250125
FRA,France,Europe & Central Asia,High income,ECI-FRA-2023,2023,30513104656,0.288462114,8803377982,1.28828431,39316267826,3051830000000,0.936487503,705692000000,3112850000000,4.878357265,5.303571753,5.303571753,61301290833,-82338005121,-43852141214,70.55955479,22.98568528,,2.2318,122.2146,2.3339,,,5.645545281,,,,,,,,,,,,,,,,,,,4.956,13.243,8.074,7.335,17.634,0.924839558
FRO,Faroe Islands,Europe & Central Asia,High income,ECI-FRO-2023,2023,,,,,,3907323961,2.489058117,1067578739,3864346780,,4.073186874,4.073186874,,,,114.3378788,,,,,0.002,,,0.930582578,,,,,,,,,,,,,,,,,,,,,,,,6.889702586
FSM,"Micronesia, Fed. Sts.",East Asia & Pacific,Lower middle income,ECI-FSM-2023,2023,,,,,,460000000,0.784313725,,,,6.14424034,6.14424034,,,,94.88219565,,,,,,,,0.436828554,,,,,,,,,,,,,,,,,,,,,,,,1
GAB,Gabon,Sub-Saharan Africa,Upper middle income,ECI-GAB-2023,2023,,,,,,19388402542,2.445880831,2223097442,12412842521,3.629015342,-9.964011078,-9.964011078,265129554.8,,,91.47866671,,,,0.213,0.0003,,,8.613246437,6090214800,,,,,6671965928,6.33,,,,,,,,,,,,,,,,,606.5697502
GBR,United Kingdom,Europe & Central Asia,High income,ECI-GBR-2023,2023,153367000000,-2.645459686,-89439143375,1.890865403,63927408476,3380850000000,0.339966158,692416000000,3399800000000,6.793967068,7.298254796,7.298254796,74942843460,-233120000000,-18844535680,63.87887776,28.07089586,,1.436,108.4809,0.0543,,,5.549650329,,6190000000000,,111000000000,7.76,,,,,,,,,,,,,,2.681,6.685,4.836,4.025,11.959,0.804538907
GEO,Georgia,Europe & Central Asia,Upper middle income,ECI-GEO-2023,2023,-1613172979,6.776656145,2085707951,1.535309399,472534971.9,30777833585,7.832201215,3739059235,33429977829,2.487760566,2.948099536,2.948099536,504612281.8,-6077804691,-2642956941,107.1511792,34.6765003,,0.0868,4.4368,,,,5.126978108,19238122679,18636474704,13548506642,5087968061,,9790562506,12.53,,,,,,,,,,,,,,,,,2.627958333
GHA,Ghana,Sub-Saharan Africa,Lower middle income,ECI-GHA-2023,2023,-1308309602,1.727522275,1319315615,0.01441136,11006012.91,76370396722,2.944785831,4480622941,77105897894,38.10696563,33.07982505,33.07982505,285375934.7,2694516051,-658958240.7,69.03658948,27.07405164,,,9.0355,,,,1.428496,36353558558,,,,,30241996822,1.71,,,,,,,,,,,,,,,,,11.02040833
GIB,Gibraltar,Europe & Central Asia,High income,ECI-GIB-2023,2023,,,,,,,,,,,,,,,,,,,,0.556,0.0006,,,18.51784461,,,,,,,,,,,,,,,,,,,,,,,,0.804538907
GIN,Guinea,Sub-Saharan Africa,Lower middle income,ECI-GIN-2023,2023,-1288140000,5.891958459,1307980000,0.089371746,19840000,22199409741,6.744934446,3023144125,23844786758,7.804975919,3.921978885,3.921978885,504474310.5,6783240000,3643100000,90.5424486,15.4335635,,,1.754,,,,1.987766034,4021210042,,,,,3980739794,1.5,,,,,,,,,,,,,,,,,
GMB,"Gambia, The",Sub-Saharan Africa,Low income,ECI-GMB-2023,2023,-208372222.2,8.696267424,208372222.2,-0.025419523,-609080,2396111022,4.797508952,176661213.6,2889186755,16.97421296,15.60190439,15.60190439,13785997.45,-940354218.6,-736150821.6,42.4360025,21.28486191,,,0.3439,,,,0.700114351,982634486.9,,,,,971426386.4,2.34,,,,,,,,,,,,10.724,6.465,11.404,6.479,10.641,61.09633301
GNB,Guinea-Bissau,Sub-Saharan Africa,Low income,ECI-GNB-2023,2023,,0.012569641,257470,0.012569641,257470,2048348108,5.199268297,336200412.2,2340591498,,5.390392868,5.390392868,25267970.67,,,42.03382628,,,,0.1957,,,,1.392024201,1018181455,,,,,962442117.6,2.82,,,,,,,,,,,,,,,,,606.5697502
GNQ,Equatorial Guinea,Sub-Saharan Africa,Upper middle income,ECI-GNQ-2023,2023,,,,,,12337550584,-5.089308721,3232855578,10886485849,,-7.647520198,-7.647520198,162035786.5,,,61.44328152,,,,0.5321,,,,3.779114925,,,,,,,,,,,,,,,,,,,,,,,,606.5697502
GRC,Greece,Europe & Central Asia,High income,ECI-GRC-2023,2023,-671368461.1,1.939260405,4722066764,1.663542518,4050698303,243498000000,2.332123883,46963143609,255040000000,3.464801285,5.874562668,5.874562668,7729763484,-35712914861,-12016810528,92.15629003,33.90782948,,0.143,17.5708,0.0017,,,6.656615657,,,,,,,,,,,,,,,,,,,8.153,12.157,12.816,11.023,26.618,0.924839558
GRD,Grenada,Latin America & Caribbean,Upper middle income,ECI-GRD-2023,2023,-151062463.7,12.44116686,163816991.1,0.968649267,12754527.78,1316733333,3.566128618,,,2.696122698,3.82303341,3.82303341,,-595948173.7,-121474714.8,,83.64898736,,,0.0501,,,,1.711635534,605738922.4,,,,,551287785,4.48,,,,,,,,,,,,4.246,6.726,7.283,6.34,18.137,2.7
GRL,Greenland,Europe & Central Asia,High income,ECI-GRL-2023,2023,,,,,,,,,,,,,,,,,,,,0.0957,0.0011,,,11.38310033,,,,,,,,,,,,,,,,,,,,,,,,6.889702586
GTM,Guatemala,Latin America & Caribbean,Upper middle income,ECI-GTM-2023,2023,-921240330,1.515704498,1583156540,0.633714577,661916210,104450000000,3.526792142,11730236785,120186000000,,6.642278016,6.642278016,422271565.9,-14359132350,-15696173600,48.18845182,9.524065864,,0.4434,11.5178,,,,2.426565137,24461739265,27880956716,27880956716,,,12242842171,1.71,,,,,,,,,,,,4.399,2.563,3.817,2.344,4.339,7.831974167
GUM,Guam,East Asia & Pacific,High income,ECI-GUM-2023,2023,,,,,,,,,,,,,,,,,,,,,,,,0.09248916,,,,,,,,,,,,,,,,,,,,,,,,1
GUY,Guyana,Latin America & Caribbean,High income,ECI-GUY-2023,2023,,0.040210939,6900000,0.040210939,6900000,17159509565,33.80261709,,,2.821103351,-12.86752613,-12.86752613,96207956.02,,,,,,,1.0412,0.0001,,,9.912228793,2541674086,,,,,1897852219,3.52,,,,,,,,,,,,,,,,,208.5
HKG,"Hong Kong SAR, China",East Asia & Pacific,High income,ECI-HKG-2023,2023,-8396908249,29.17690913,111109000000,26.97187615,102712000000,380812000000,3.276526256,50505371742,378066000000,2.096605112,2.777749052,2.777749052,,-16480818320,2755604119,352.7986474,46.71757199,,,6.4518,0.0112,,,5.330051353,,,,,,,,,,,,,,,,,,,2.723,3.222,2.998,2.949,8.928,7.829583333
HND,Honduras,Latin America & Caribbean,Lower middle income,ECI-HND-2023,2023,-856785448,3.157255372,1086111945,0.666636914,229326497.2,34400509852,3.582603626,4960944281,42633348897,6.663251803,6.17858774,6.17858774,539833989.6,-8355362068,-8087638362,97.95347847,20.82642225,,,4.9575,0.0334,,,2.153163064,10345182402,17531744927,13517250404,4014494524,,8341560698,5.47,,,,,,,,,,64.1,,,6.053,9.209,6.071,10.805,24.60164682
HRV,Croatia,Europe & Central Asia,High income,ECI-HRV-2023,2023,-1974708023,3.95990588,3341914871,1.62003242,1367206848,84393795502,3.302544881,17964296350,85940396923,7.941281776,11.74033063,11.74033063,1439060332,-18951054157,-1746312310,107.7009194,37.20613213,,0.061,6.8918,,,,6.480708534,,,,,,,,,,,,,,,,,,,3.584,11.789,6.788,6.086,18.958,0.924839558
HTI,Haiti,Latin America & Caribbean,Lower middle income,ECI-HTI-2023,2023,-23647920,0.119128119,23647920,,,19850829758,-1.863884203,1234084777,23869423919,36.81351628,31.51196314,31.51196314,11654566.68,-3759163825,-4208501042,30.7854237,3.664147005,,,1.4529,,,,1.17354412,2084800488,,,,,2129969001,0.32,,,,,,,,,,,,,,,,,141.0359127
HUN,Hungary,Europe & Central Asia,High income,ECI-HUN-2023,2023,-1684064630,-34.01036057,-72234232901,-34.8032761,-73918297531,212389000000,-0.907685956,42545962531,201531000000,17.12496597,14.74900514,14.74900514,4355478070,77906940.44,10642232379,157.2962239,28.97242916,,0.1725,14.251,0.0188,,,6.351711695,,,,,,,,,,,,,,,,,,,1.604,12.862,3.831,4.107,12.806,353.0883333
IDN,Indonesia,East Asia & Pacific,Upper middle income,ECI-IDN-2023,2023,-14984439684,1.610733602,22085914486,0.517913084,7101474802,1371170000000,5.048105771,102089000000,1266800000000,3.670131424,1.533073673,1.533073673,9480833558,46193957042,28222396820,41.31566676,6.168144838,,5.8916,149.5385,0.1743,,,4.268286618,343000000000,1000000000000,609000000000,395000000000,,237000000000,4.37,,,,,,,,,2.1,9.4,23.6,3.571,2.051,5.792,3.308,13.119,15236.88466
IMN,Isle of Man,Europe & Central Asia,High income,ECI-IMN-2023,2023,,,,,,,,,,,,,,,,,,,,,,,,,,,,,,,,,,,,,,,,,,,,,,,,0.804538907
IND,India,South Asia,Lower middle income,ECI-IND-2023,2023,-14200416754,0.787065923,28078983530,0.389022165,13878566777,3567550000000,8.152936311,370695000000,3712140000000,5.649143189,1.334050656,1.334050656,83574568840,-245473000000,-86329729820,45.92185022,14.46191766,,30.5827,339.7606,,,,2.874377159,498000000000,,,,,220000000000,2.34,,,,77,97,,,,,,,13.316,2.473,5.991,4.172,15.469,82.59927645
IRL,Ireland,Europe & Central Asia,High income,ECI-IRL-2023,2023,12927237960,-25.38513255,-139972000000,-23.04067159,-127045000000,551395000000,-5.530007361,67099768205,367900000000,6.299424874,3.621871537,3.621871537,1269192873,168643000000,181476000000,237.2158813,154.1728899,,0.1786,11.1129,0.0087,,,10.90008667,,,,,,,,,,,,,,,,,,,2.914,8.337,4.929,4.288,10.654,0.924839558
IRN,"Iran, Islamic Rep.",Middle East & North Africa,Upper middle income,ECI-IRN-2023,2023,,0.021418597,86665140,0.021418597,86665140,404626000000,5.044890511,52112594695,,44.57918576,30.49314012,30.49314012,10283084402,,,52.18017581,,,1.6929,138.699,,,,11.00062823,1115504480,,,,,6770911563,0.09,,,,,,,,,,,,,,,,,42000
IRQ,Iraq,Middle East & North Africa,Upper middle income,ECI-IRQ-2023,2023,5649700000,-2.13819188,-5363500000,0.11409537,286200000,250843000000,-2.93555774,,,4.358353511,-18.18941272,-18.18941272,5108397154,43196686393,26672686393,,13.52616157,,0.0369,40.0312,,,,8.048640139,15698548004,,,,,16091808514,1.78,,,,,,,,,,,,,,,,,1312.5
ISL,Iceland,Europe & Central Asia,High income,ECI-ISL-2023,2023,-441193875.2,2.197836774,688474931.2,0.78940187,247281056,31325116556,5.03717944,7962723725,31170780299,8.736302999,5.699492127,5.699492127,,-2092784068,177815650.3,86.79464894,36.45881648,,0.0008,0.897,0.0007,,,10.60610298,,,,,14.74,,,,,,,,,,,,,,2.261,6.762,3.058,3.518,8.76,137.9429524
ISR,Israel,Middle East & North Africa,High income,ECI-ISR-2023,2023,-5382600000,2.942031427,15110600000,1.89404006,9728000000,513611000000,2.42300691,114268000000,494711000000,4.225352113,4.266089441,4.266089441,27498527857,-19978200000,18844100000,57.52825206,24.75014652,,0.0714,18.4151,,,,8.156345448,,,,,,,,,,,,,,,,,,,2.399,5.874,3.751,3.371,5.917,3.667374716
ITA,Italy,Europe & Central Asia,High income,ECI-ITA-2023,2023,-11443288160,1.826198511,42019753074,1.328867749,30576464915,2300940000000,0.697632994,409254000000,2272880000000,5.622194422,5.81875394,5.81875394,35528923816,36708772965,29796223247,66.2401068,13.20842326,,0.7826,102.7268,0.4051,,,6.341789495,,,,,,,,,,,,,,,,,,,3.82,11.258,7.396,7.627,22.726,0.924839558
JAM,Jamaica,Latin America & Caribbean,Upper middle income,ECI-JAM-2023,2023,-380413917.8,1.938516546,376524958.4,-0.020022078,-3888959.379,19423355409,2.200061472,,,6.474137347,11.68655319,11.68655319,230617195,-4399549570,-2590760297,,44.98327154,,,2.4109,0.0007,,,2.874477161,11120315391,,,,,9776217903,12.69,,,,,,,,,,,,1.682,1.389,4.038,3.022,9.076,154.158779
JOR,Jordan,Middle East & North Africa,Lower middle income,ECI-JOR-2023,2023,-778591549.3,1.653636747,842816901.4,0.126012426,64225352.11,50967475352,2.678271538,,,2.084869863,1.790364587,1.790364587,2450239103,-10365633803,-6736056338,100.276046,30.68292034,,0.0146,7.8704,0.0002,,,2.920454405,26122608969,,,,,21765710565,7.7,,,,95,99,,,,,,,26.603,18.634,9.058,16.622,39.242,0.71
JPN,Japan,East Asia & Pacific,High income,ECI-JPN-2023,2023,162086000000,0.475297449,19983856530,4.33035119,182069000000,4204490000000,1.679019523,,4269510000000,3.268133659,3.793017835,3.793017835,50161085002,-47856336606,-69106122533,45.16264848,10.34785306,,0.5735,179.633,3.221,,,8.360430513,,,,,,,,,,,,,,,,,,,,,,2.6,4.1,140.4911001
KAZ,Kazakhstan,Europe & Central Asia,Upper middle income,ECI-KAZ-2023,2023,-2443242456,2.070238052,5437312391,1.139981863,2994069935,262642000000,5.1,29186384313,242006000000,14.72499002,9.857619324,9.857619324,1236289860,19861710202,18164058920,61.77322607,8.5043637,,0.4524,23.5608,,,,15.75742062,142000000000,30152737497,29476689915,676047581.8,8.68,26440529244,18.86,,,,,,,,,,,,,,,,,456.165
KEN,Kenya,Sub-Saharan Africa,Lower middle income,ECI-KEN-2023,2023,-228284631.5,0.674542879,728766608.6,0.463243719,500481977.1,108039000000,5.555873013,12872924909,113680000000,7.67139634,6.107802092,6.107802092,999541975.9,-10022726294,-9420824666,32.09207928,9.449154162,,0.2002,10.6148,0.0015,,,1.951189833,36295438589,57849850867,57471013367,378837499.3,16.38,33483634025,3.65,,,,,,,,,,,,,,,,,139.8463838
KGZ,Kyrgyz Republic,Europe & Central Asia,Lower middle income,ECI-KGZ-2023,2023,,0.010723763,1500000,0.010723763,1500000,13987627909,6.151391837,2288681611,19059891168,10.75327704,13.41574141,13.41574141,464581469.5,,,140.155715,,,0.1282,1.7158,,,,3.056192119,8414743560,,,,3.16,3917641317,8.55,,,,,,,,,,,,,,,,,87.85612559
KHM,Cambodia,East Asia & Pacific,Lower middle income,ECI-KHM-2023,2023,-3807381868,9.35096702,3958792379,0.357643079,151410511.2,42335646896,4.960066589,2573101731,42208388013,2.127467966,1.063096072,1.063096072,667985733.2,-2986244112,-1668160812,134.2068424,16.67205496,,,7.3642,0.013,,,2.799307617,17823586872,,,,,8846069461,5.94,,,,,,,,,,,,,,,,,4110.652746
KIR,Kiribati,East Asia & Pacific,Lower middle income,ECI-KIR-2023,2023,-5094095.186,1.830393887,5110622.698,0.005919407,16527.51147,279208903.3,4.124590543,,,9.283073745,3.368445895,3.368445895,,-184194596.2,-276525125.9,99.74523904,39.537934,,,0.0498,,,,0.982419075,,,,,0.75,,,,,,,,,,,,,,,,,,,1.505191066
KNA,St. Kitts and Nevis,Latin America & Caribbean,High income,ECI-KNA-2023,2023,-33605218.15,3.047335729,32164621.85,-0.136484721,-1440595.926,1055499778,2.284948091,,,3.557112308,5.144667457,5.144667457,,-389865838.1,-96566434.81,,75.8137163,,,0.0417,,,,3.731981693,,,,,,,,,,,,,,,,,,,,,,,,2.7
KOR,"Korea, Rep.",East Asia & Pacific,High income,ECI-KOR-2023,2023,19362200000,0.886178382,15178400000,2.016624481,34540600000,1712790000000,1.356733243,323693000000,1712030000000,3.59745625,2.064073962,2.064073962,47925588087,34092400000,8432400000,87.93967919,16.03416311,,0.4551,106.1251,1.6148,,,12.64384037,,,,,,,,,,,,,,,,,,,2.746,2.842,2.49,2.675,5.437,1305.6625
KWT,Kuwait,Middle East & North Africa,High income,ECI-KWT-2023,2023,9086529158,1.291716752,2114603345,6.842271642,11201132503,163705000000,-3.640425903,,,3.64216403,-7.356710163,-7.356710163,7755031936,51145948030,32045303686,,25.4751292,,0.0031,15.088,0.0004,,,34.5974179,,,,,,,,,,,,,,,,,,,,,,,,0.307185351
LAO,Lao PDR,East Asia & Pacific,Lower middle income,ECI-LAO-2023,2023,-1781176779,11.2425631,1781176779,,,15843155731,3.745681402,,,31.23013417,24.42172021,24.42172021,,721175510.4,1101267611,,14.35695016,,,2.6875,0.0158,,,5.486789094,19744437117,,,,,9852521425,8.19,,,,,,,,,,,,,,,,,17688.87359
LBN,Lebanon,Middle East & North Africa,Lower middle income,ECI-LBN-2023,2023,-582765209.4,,655437382.1,,72672172.63,,,,,221.341644,,,241290150.8,-12838323957,-11542638382,,72.45194062,,0.0053,7.0641,,,,4.273374888,48084690342,,,,,41991213648,,,,,,,,,,,,,,,,,,
LBR,Liberia,Sub-Saharan Africa,Low income,ECI-LBR-2023,2023,,2.060679953,87372830,2.060679953,87372830,4240000000,4.683756888,,,10.09445357,1.230854634,1.230854634,37153000,,,,,,,0.8101,,,,0.825118227,1351029051,,,,,1486583335,3.13,,,,,,,,,,,,,,,,,
LBY,Libya,Middle East & North Africa,Upper middle income,ECI-LBY-2023,2023,,-0.364071413,-164183330,-0.364071413,-164183330,45096462972,10.15581818,15911668744,37965107816,2.373175314,-5.341469957,-5.341469957,,,,155.6552017,,,0.0269,18.5102,,,,13.13088936,,,,,,,,,,,,,,,,,,,,,,,,4.812883333
LCA,St. Lucia,Latin America & Caribbean,Upper middle income,ECI-LCA-2023,2023,-141567341.5,5.708369723,138721841.1,-0.117091627,-2845500,2430148148,2.21007266,,,4.070608219,1.489634615,1.489634615,,-658005916.3,140986360,,72.05903963,,,0.1042,,,,2.517221184,930117382,,,,,930267483.3,3.09,,,,,,,,,,,,6.297,15.413,,12.094,32.631,2.7
LIE,Liechtenstein,Europe & Central Asia,High income,ECI-LIE-2023,2023,,,,,,,,,,,,,,,,,,,,,,,,,,,,,,,,,,,,,,,,,,,,,,,,
LKA,Sri Lanka,South Asia,Lower middle income,ECI-LKA-2023,2023,-677892709.9,0.843827246,711826200.5,0.040226117,33933490.62,84356863744,-2.298010562,5779883010,85737885452,16.54117423,17.51916285,17.51916285,1165824640,-4900420617,-1495959131,42.70110402,8.8055709,,0.1371,9.4371,,,,1.742696374,51602903242,,,,49.44,43519974283,3.46,,,,,,,,,,,,,,,,,327.5065333
LSO,Lesotho,Sub-Saharan Africa,Lower middle income,ECI-LSO-2023,2023,25647817.14,-1.210966565,-25647817.14,,,2117962451,1.826625259,753656775.5,3297010386,6.342217431,-0.368097836,-0.368097836,33954038.46,-794465238.4,-1188645887,141.5137555,20.23181209,,,0.4992,,,,1.125646341,1595453298,,,,,999336959.9,5.07,,,,,,,,,,,,,,,,,18.45024418
LTU,Lithuania,Europe & Central Asia,High income,ECI-LTU-2023,2023,-1424642070,4.801504386,3831114464,3.016012145,2406472393,79789877416,0.342262552,13784087070,76675034443,9.117319624,9.021755817,9.021755817,2160751250,-4917575358,3120764718,149.041909,43.6675347,,0.4147,6.2005,0.0025,,,7.202886211,,,,,,,,,,,,,,,,,,,3.793,18.065,8.93,6.841,13.812,0.924839558
LUX,Luxembourg,Europe & Central Asia,High income,ECI-LUX-2023,2023,55741417210,-27.61202108,-23678690370,-27.61202108,-23678690370,85755006124,-1.095723616,16284653767,59307696668,3.74140362,3.430024562,3.430024562,662492815.5,-520107448.9,28000301849,394.2206937,315.3242231,,,4.1983,,,,11.79553742,,,,,,,,,,,,,,,,,,,3.9,8.638,5.422,5.184,18.817,0.924839558
LVA,Latvia,Europe & Central Asia,High income,ECI-LVA-2023,2023,-670181723.3,3.997998339,1689068344,2.414228475,1019959627,42247850065,1.70679525,8603867479,43827621374,8.938046233,6.406916526,6.406916526,1045283944,-3948307342,-1581098660,137.6808456,32.85370182,,0.2094,3.0638,,,,5.836389348,,,,,,,,,,,,,,,,,,,3.313,13.283,7.871,6.465,12.323,0.924839558
MAC,"Macao SAR, China",East Asia & Pacific,High income,ECI-MAC-2023,2023,-450857367.1,1.154361341,528732909.5,0.170022546,77875542.37,45803067940,75.06137693,6308140869,27158180368,0.476384496,4.636166861,4.636166861,,-12239051496,20432205701,142.0100832,94.03557743,,,1.3807,0.0009,,,4.594873306,,,,,,,,,,,,,,,,,,,,,,,,8.063390083
MAF,St. Martin (French part),Latin America & Caribbean,High income,ECI-MAF-2023,2023,,,,,,,,,,,,,,,,,,,,,,,,,,,,,,,,,,,,,,,,,,,,,,,,0.924839558
MCO,Monaco,Europe & Central Asia,High income,ECI-MCO-2023,2023,,,,,,9995350547,5.043382592,,,,5.302901443,5.302901443,,,,,,,,,,,,,,,,,,,,,,,,,,,,,,,,,,,,0.924839558
MDA,Moldova,Europe & Central Asia,Upper middle income,ECI-MDA-2023,2023,-341590000,2.159686631,357200000,0.094380482,15610000,16539436547,0.78324271,2986197206,20517965405,13.41701044,8.708390488,8.708390488,93410827.11,-4869090000,-3974190000,95.13157489,24.10094194,,0.1121,2.359,0.0024,,,5.510006376,6637628437,5744386712,4506119289,1238267424,,2851724990,7.87,,,,,,,,,,,,2.077,1.244,1.546,1.57,4.08,18.16393776
MDG,Madagascar,Sub-Saharan Africa,Low income,ECI-MDG-2023,2023,,0.755308706,119264100,0.755308706,119264100,15790113247,3.8,3524253947,16902358472,9.87432675,8.693675447,8.693675447,102131128.7,,,60.77905421,,,,1.3562,,,,1.062664196,4980338748,,,,,3991383899,1.73,,,,,,,,,,,,,,,,,4429.579214
MDV,Maldives,South Asia,Upper middle income,ECI-MDV-2023,2023,-761516184.8,11.55406459,761516184.8,,,6590894302,4.72639189,1128296314,6674480405,2.927465424,1.884254072,1.884254072,,-2862153331,-83406107.43,150.0323699,93.12472372,,,1.4715,0.0038,,,5.870789401,3835721648,,,,,3232564545,8.57,,,,,,,,,,,,,,,,,15.38679435
MEX,Mexico,Latin America & Caribbean,Upper middle income,ECI-MEX-2023,2023,-29845936641,1.687984866,30199980895,0.019788799,354044254,1789110000000,3.199981166,199258000000,1896030000000,5.527960873,4.459913676,4.459913676,11825909998,-5548770306,-24966101192,73.15777563,7.362752005,,2.6511,130.2114,0.5063,,,5.488696029,520000000000,891000000000,849000000000,42476355755,15.77,313000000000,3.11,,,,,,,,,,,,3.432,2.426,3.342,2.765,5.88,17.75871667
MHL,Marshall Islands,East Asia & Pacific,Upper middle income,ECI-MHL-2023,2023,,,,,,259300000,-3.934871099,138735900,373102300,,6.519749486,6.519749486,,,,110.1722329,,,,,,,,0.069539238,,,,,,,,,,,,,,,,,,,,,,,,1
MKD,North Macedonia,Europe & Central Asia,Upper middle income,ECI-MKD-2023,2023,-527928903.5,4.069498427,641500343.2,0.72046539,113571439.7,15763621848,2.072749779,2352618194,17818595867,9.361872498,7.766466855,7.766466855,266629712.7,-2848897122,-2057510643,148.6715963,31.3593491,,0.021,2.4894,0.02,,,6.22053861,8934140529,,,,,5845339136,11.58,,,,,,,,,,,,9.016,18.495,13.433,13.174,29.69,56.94719167
MLI,Mali,Sub-Saharan Africa,Low income,ECI-MLI-2023,2023,,0.112383994,23220550,0.112383994,23220550,20661794596,4.656775991,3617738631,22847981368,2.058802283,2.225933211,2.225933211,784506782.4,,,69.39092843,,,0.1554,3.3219,0.011,,,1.912695405,5540991605,,,,,4535244478,1.83,,,,,,,,,,,,,,,,,606.5697502
MLT,Malta,Middle East & North Africa,High income,ECI-MLT-2023,2023,-1075755277,112.6263698,25147936925,107.8085427,24072181647,22328640242,7.498512459,3699883223,18292245145,5.09396759,5.304718766,5.304718766,112636721.5,-2646901236,4009273677,227.4534892,170.0305967,,,0.7231,0.0003,,,3.679621961,,,,,,,,,,,,,,,,,,,2.129,4.811,2.834,3.11,9.138,0.924839558
MMR,Myanmar,East Asia & Pacific,Lower middle income,ECI-MMR-2023,2023,,,,,,66757619000,0.958446625,,,,10.78766645,10.78766645,2493486451,,,,,,1.1967,5.3645,0.047,,,2.125793945,10487748018,,,,,9291813773,1.39,,,,,,,,,,,,,,,,,2100
MNE,Montenegro,Europe & Central Asia,Upper middle income,ECI-MNE-2023,2023,-468556995.7,6.983101208,525868956.9,0.761055051,57311961.24,7530593375,6.337697542,1348262699,8934268041,8.584769105,10.54297033,10.54297033,114519816.2,-3230999034,-1398964131,118.542754,55.18291859,,,,,,,,8269469317,,,,,3784789946,10.28,,,,,,,,,,,,,,,,,0.924709623
MNG,Mongolia,East Asia & Pacific,Upper middle income,ECI-MNG-2023,2023,-2171636073,11.05810699,2247573670,0.373614483,75937597.3,20325121394,7.422112762,2643563596,18583058816,10.34758313,21.76902802,21.76902802,147813417.2,4548653045,1956376931,142.8642466,28.36990142,,,2.9069,0.0009,,,24.04513457,32028335651,,,,,8894361604,26.79,,,,,,,,,,,,3.805,4.252,6.564,5.178,11.603,3465.736536
MNP,Northern Mariana Islands,East Asia & Pacific,High income,ECI-MNP-2023,2023,,,,,,,,,,,,,,,,,,,,,,,,0.064240303,,,,,,,,,,,,,,,,,,,,,,,,1
MOZ,Mozambique,Sub-Saharan Africa,Low income,ECI-MOZ-2023,2023,-2509403270,12.8065189,2683506271,0.830873173,174103000.8,20954220984,5.436859122,3600896027,24111869592,7.126974821,5.301341508,5.301341508,376385189.8,-903189435.3,-1891162082,105.6275036,14.37616014,,,3.9254,,,,1.009479366,64843341463,,,,,8920242621,22.81,,,,,,,,,,,,,,,,,63.88583333
MRT,Mauritania,Sub-Saharan Africa,Lower middle income,ECI-MRT-2023,2023,-848351729.7,7.96446558,848351729.7,0.001230413,131060,10651709411,6.507187199,1829151118,12238248795,4.953050345,3.371477417,3.371477417,277161496.3,-655740780.3,-1315988117,91.47057159,11.74671803,,,2.4289,,,,3.287106807,3749372024,,,,,3385113802,3.68,,,,,,,,,,,,,,,,,36.48916667
MUS,Mauritius,Sub-Saharan Africa,Upper middle income,ECI-MUS-2023,2023,423883756.8,0.110421063,16170640,0.110421063,16170640,14644524819,6.958287403,2027493402,15224679666,7.052982385,8.507830178,8.507830178,22547739.69,-3600521769,-2532355559,107.9038552,36.40382371,,0.0169,1.1438,0.0001,,,4.915542001,9496040007,10998184472,10231252697,766931774.6,8.41,3769692229,12.97,,,,,,,,,,,,,5.8,5.525,5.571,16.192,45.267225
MWI,Malawi,Sub-Saharan Africa,Low income,ECI-MWI-2023,2023,-134063523.5,1.598886154,203252807.5,0.544276803,69189284.03,12712150082,1.892457988,,,28.78974282,22.80672202,22.80672202,135319772.8,-1945201028,-2469036002,,11.5878853,,,0.7669,,,,0.934119113,2876075401,,,,,2550754301,1.22,,,,,,,,,,,,,,,,,1161.094367
MYS,Malaysia,East Asia & Pacific,Upper middle income,ECI-MYS-2023,2023,46861437.62,1.981110493,7918601050,1.992834494,7965462488,399705000000,3.555487154,47761848409,379322000000,2.488865601,-1.872255625,-1.872255625,3899141126,29960236838,20435053641,132.0643073,23.73444532,,1.3999,66.3485,0.078,,,9.263879729,,,,,,,,,,,,,,,,,,,,,,,,4.560623432
NAM,Namibia,Sub-Saharan Africa,Upper middle income,ECI-NAM-2023,2023,-2601783072,18.57640298,2294376189,-2.488917976,-307406883.1,12351025067,4.159985755,2689639677,15165328601,5.879934633,6.413624393,6.413624393,338245822.4,-1635623353,-2591719505,109.6104723,24.63123255,,,2.1468,,,,4.34872996,,,,,,,,,,,,,,,,,,,,,,,,18.44630833
NCL,New Caledonia,East Asia & Pacific,High income,ECI-NCL-2023,2023,,,50600360,,50600360,,,,,,,,,,,,,,,1.8622,,,,22.81781488,,,,,,,,,,,,,,,,,,,,,,,,110.3471713
NER,Niger,Sub-Saharan Africa,Low income,ECI-NER-2023,2023,,0.240141273,40389770,0.240141273,40389770,16819170421,2.5,,16476093635,3.700973164,3.387917923,3.387917923,331596821.9,,,30.42050578,,,,1.2671,,,,1.618284221,4833771078,,,,,4197905120,1.18,,,,,,,,,,,,,,,,,606.5697502
NGA,Nigeria,Sub-Saharan Africa,Lower middle income,ECI-NGA-2023,2023,-1616677181,0.514645981,1872520530,0.070316319,255843349.3,363846000000,2.860214991,,,24.6595502,12.62186923,12.62186923,3191915666,8075015444,-5161397332,,6.078836153,,1.68,57.8574,,,,1.68995929,75667394754,,,,,47022483490,2.61,,,,,,,,,,,,6.168,2.306,3.286,3.074,5.183,
NIC,Nicaragua,Latin America & Caribbean,Lower middle income,ECI-NIC-2023,2023,-1199326602,6.899349062,1230100000,0.172600939,30773398.09,17829218219,4.569223171,2168699522,20195331690,8.387658549,10.66865404,10.66865404,94387887.71,-2691900000,-2267500000,104.8687277,15.13358559,,0.1358,2.7238,,,,3.023075898,13457709764,10167949785,10156700949,11248835.78,,7251214284,13.86,,,,,,,,,,,,,,,,,36.44119428
NLD,Netherlands,Europe & Central Asia,High income,ECI-NLD-2023,2023,-23487737098,-26.76869828,-309007000000,-28.80339374,-332495000000,1154360000000,0.074560722,282854000000,1025430000000,3.838393543,7.343742685,7.343742685,16624820117,91986750968,128905000000,165.905457,47.07473016,,0.1846,25.4901,,,,8.432332797,,,,,,,,,,,,,,,,,,,2.737,5.739,3.216,3.537,8.249,0.924839558
NOR,Norway,Europe & Central Asia,High income,ECI-NOR-2023,2023,2100599581,2.209066995,10720841229,2.641902918,12821440809,485311000000,0.479647246,106480000000,413820000000,5.517849871,-10.6191584,-10.6191584,8668565966,78422855323,69254541831,79.66593192,22.88314455,,0.0053,13.4938,0.0512,,,10.27559273,,,,,,,,,,,,,,,,,,,2.152,9.145,2.528,3.573,11.005,10.56333333
NPL,Nepal,South Asia,Lower middle income,ECI-NPL-2023,2023,-74821496.04,0.18290154,74821496.04,,,40908073367,1.952544633,2719457944,50828698169,7.114759517,5.416145185,5.416145185,418905095.7,-10462477571,-11083390540,41.63749471,9.616985417,,0.2579,4.7638,,,,1.913848754,8817681854,17438911041,14310478754,3128432287,,6489096231,1.16,,,,,,,,,,,,,,,,,132.1154601
NRU,Nauru,East Asia & Pacific,High income,ECI-NRU-2023,2023,3108817.262,,,,,154170289.3,0.590699676,,,,5.373818333,5.373818333,,-57206447,-85262284.98,141.3598468,61.16390631,,,,,,,0.101052632,,,,,,,,,,,,,,,,,,,,,,,,1.505191066
NZL,New Zealand,East Asia & Pacific,High income,ECI-NZL-2023,2023,-3823509508,1.424419556,3592037225,-0.091790153,-231472282.5,252176000000,0.733302172,,259411000000,5.73316283,4.758549167,4.758549167,3029024715,-7429995071,-9382621040,51.02386211,13.85133421,,0.9066,15.9996,0.0021,,,16.12257089,,,,,,,,,,,,,,,,,,,,,,3.731,10.719,1.628433333
OMN,Oman,Middle East & North Africa,High income,ECI-OMN-2023,2023,-12093888166,11.47765896,12488946684,0.363068804,395058517.6,108811000000,1.310440113,,,0.950782998,-4.055925403,-4.055925403,5851755527,23844945619,17337287553,,16.52182726,,,12.2176,,,,25.23989116,,,,,,,,,,,,,,,,,,,,,,,,0.3845
PAK,Pakistan,South Asia,Lower middle income,ECI-PAK-2023,2023,-2016000000,0.606074414,2048000000,0.009469913,32000000,337912000000,-0.039692523,34827770260,363730000000,30.76812807,25.99976834,25.99976834,8521159037,-19497000000,-21646231745,28.60031125,5.084858701,,5.6201,43.3748,,,,2.150969016,110000000000,,,,,94270886268,4.82,,,,,,,,,,,,,,,,,280.3561117
PAN,Panama,Latin America & Caribbean,High income,ECI-PAN-2023,2023,-1540963317,2.792715347,2326839513,0.943222986,785876195.7,83318176900,7.399301556,10154666300,80482260000,1.486413553,1.706738314,1.706738314,,-11085272573,433166844.1,89.53306838,28.11836651,,,5.6463,,,,4.77300971,,,,,,,,,,,,,,,,,,25.4,5.418,5.065,9.485,6.678,16.734,1
PER,Peru,Latin America & Caribbean,Upper middle income,ECI-PER-2023,2023,-2442177796,1.464202455,3918253337,0.551591039,1476075541,267603000000,-0.550182306,36591177047,258859000000,6.455613484,6.566343631,6.566343631,3000769179,17677992787,10336711250,50.90950831,7.084230178,,1.1853,24.0271,0.0097,,,2.778755666,74774001689,,,,,40900997067,5.41,,,,,,,,,,,,5.335,3.588,5.888,4.899,8.904,3.74382621
PHL,Philippines,East Asia & Pacific,Lower middle income,ECI-PHL-2023,2023,-5211067619,2.0854108,9116297668,0.893346095,3905230049,437146000000,5.545851171,62289765341,498737000000,5.978025155,4.596485062,4.596485062,5451725465,-65898613214,-47199548084,67.39662044,17.82944652,,1.1389,36.4537,0.1537,,,2.229476254,101000000000,75292432789,74873074227,419358562.5,15.31,67114016936,2.68,,,,,,,,,,,,,,,,,55.63036322
PLW,Palau,East Asia & Pacific,High income,ECI-PLW-2023,2023,,,,,,281849062.5,1.877069798,,,12.79899287,8.241670466,8.241670466,,,,,,,,0.7556,,,,84.71258532,,,,,,,,,,,,,,,,,,,,,,,,1
PNG,Papua New Guinea,East Asia & Pacific,Lower middle income,ECI-PNG-2023,2023,240725089.3,0.268723865,82576809.14,1.052098482,323301898.4,30729242919,3.035704755,,,2.298699913,-3.62211157,-3.62211157,97043687.48,7600267419,5737811843,,8.061579237,,,2.5947,0.001,,,0.927944052,14265408991,,,,,7387210105,19.43,,,,,,,,,,,,,,,,,3.589622749
POL,Poland,Europe & Central Asia,High income,ECI-POL-2023,2023,-19539000000,4.24072793,34316000000,1.826122993,14777000000,809201000000,0.138832755,153693000000,762587000000,11.5289128,9.547188625,9.547188625,31649874712,5130000000,47774000000,110.466779,21.62652609,,1.6528,67.9125,0.1963,,,9.916065626,,,,,,,,,,,,,,,,,,,1.28,4.435,3.252,2.743,11.197,4.203666667
PRI,Puerto Rico,Latin America & Caribbean,High income,ECI-PRI-2023,2023,,,,,,117902000000,0.563519427,8398200000,119417000000,,3.235459438,3.235459438,,,,101.7269383,,,,2.1984,,,,5.011088093,,,,,,,,,,,,,,,,,,,,,,,,1
PRK,"Korea, Dem. People's Rep.",East Asia & Pacific,Low income,ECI-PRK-2023,2023,,,,,,,,,,,,,,,,,,,0.0254,4.9264,0.0112,,,3.41236293,,,,,,,,,,,,,,,,,,,,,,,,
PRT,Portugal,Europe & Central Asia,High income,ECI-PRT-2023,2023,-3669361254,3.357261065,9706321480,2.088459666,6038035329,289114000000,2.526281108,48793371333,286448000000,4.311281919,6.902365903,6.902365903,4223188318,-26756249722,3579764233,93.76962708,28.21143696,,0.0321,15.7814,0.2051,,,5.010751383,,,,,,,,,,,,,,,,,,,4.574,7.32,7.523,6.509,20.268,0.924839558
PRY,Paraguay,Latin America & Caribbean,Upper middle income,ECI-PRY-2023,2023,-326706488.1,0.560375887,240716542.9,-0.200180225,-85989945.23,42956263544,4.714124079,5162633990,42051378057,4.632022854,2.06875531,2.06875531,397871087.2,827913507.6,808049551.5,82.98877587,11.4781895,,0.097,7.1677,0.0001,,,6.081781423,23211361577,,,,,14153765199,4.38,,,,,,,,,,,,,,,5.794,13.176,7288.872054
PSE,West Bank and Gaza,Middle East & North Africa,Lower middle income,ECI-PSE-2023,2023,-100376299.1,0.594320376,103535364,0.018133868,3159064.923,17420800000,-5.410937,3532200000,25780000000,5.871101777,-3.903622266,-3.903622266,,-7121091901,-8223955681,86.39385103,16.55207287,,,,,,,,,,,,,,,,,,,,,,,,,,,,,,,
PYF,French Polynesia,East Asia & Pacific,High income,ECI-PYF-2023,2023,,,14972180,,14972180,,,,,,,,,,,,,,,0.645,,,,4.889761595,,,,,,,,,,,,,,,,,,,,,,,,110.3471713
QAT,Qatar,Middle East & North Africa,High income,ECI-QAT-2023,2023,282692307.7,-0.222614822,-474175824.2,-0.089897179,-191483516.5,213003000000,1.187159912,,,3.027648992,-10.69348145,-10.69348145,,68306204110,56534775538,,34.61002693,,0.0018,14.7829,,,,58.12565511,,,,,,,,,,,,,,,,,,,,,,,,3.64
ROU,Romania,Europe & Central Asia,High income,ECI-ROU-2023,2023,-6880523040,2.482723413,8708794315,0.52126953,1828487659,350776000000,2.404271779,60118597381,367563000000,10.39718748,12.76993779,12.76993779,5610688108,-31328186563,-16939827223,83.0900674,20.3699499,,0.8442,20.7788,0.0047,,,5.553792945,,,,,,,,,,,,,,,,,,,1.574,14.272,4.872,5.592,21.801,4.574291667
RUS,Russian Federation,Europe & Central Asia,High income,ECI-RUS-2023,2023,20750800928,-0.496932674,-10045103795,0.529612318,10705697133,2021420000000,3.6,373419000000,1899600000000,,7.073601566,7.073601566,109454000000,121617000000,86344745619,41.82852518,5.819030709,,5.811,261.6207,,,,18.57826113,,,,,,,,,,,,,,,,,,,1.877,8.264,3.407,3.076,11.196,85.16200833
RWA,Rwanda,Sub-Saharan Africa,Low income,ECI-RWA-2023,2023,-459166412.3,3.257014847,459166412.3,7.09e-06,1000,14097768472,8.241287695,2333471041,16232542067,19.78954675,10.13012423,10.13012423,178588082.1,-2368759814,-2273994598,65.98404234,14.12762648,,,0.5963,,,,0.536982018,10127366897,,,,,6087020620,3.95,,,,,,,,,,,,14.177,11.862,19.222,12.352,18.257,1160.098694
SAU,Saudi Arabia,Middle East & North Africa,High income,ECI-SAU-2023,2023,3752172601,1.153918581,12319037833,1.505382854,16071210434,1067580000000,-0.754914811,249078000000,988887000000,2.327085184,-2.964886675,-2.964886675,75813333333,126908000000,79409248023,62.1270079,13.53736932,,0.2779,145.4886,,,,24.20487711,,,,,,,,,,,,,,,,,,,5.87,1.34,4.532,4.008,13.713,3.75
SDN,Sudan,Sub-Saharan Africa,Low income,ECI-SDN-2023,2023,,,,,,109266000000,-20.11157597,19039011429,109547000000,,213.7258479,213.7258479,,,,2.473728782,,,0.08,12.0563,,,,2.772459274,15364548060,,,,,21877869224,0.19,,,,,,,,,,,,,,,,,
SEN,Senegal,Sub-Saharan Africa,Lower middle income,ECI-SEN-2023,2023,,0.296066889,91331700,0.296066889,91331700,30848333084,4.584061405,4248675708,38566325067,5.939477988,3.851829192,3.851829192,448607459.8,,,71.00451869,,,0.0063,3.4308,,,,1.595551571,32825557406,,,,13.2,16004188262,9,,,,,,,,,,,,,,,,,606.5697502
SGP,Singapore,East Asia & Pacific,High income,ECI-SGP-2023,2023,-112244000000,34.94851531,175241000000,12.56357988,62997244495,501428000000,1.075031751,51279633771,313698000000,4.821467295,-3.069029944,-3.069029944,13200743481,154782000000,187333000000,311.2403336,124.3549435,,,6.7113,0.042,,,12.55399105,,,,,,,,,,,,,,,,,,,3.447,3.732,3.719,3.444,9.06,1.342766667
SLB,Solomon Islands,East Asia & Pacific,Lower middle income,ECI-SLB-2023,2023,-72472771.55,4.830374034,78895436.24,0.393227723,6422664.687,1633319401,3.079769815,,,5.88585897,3.888994463,3.888994463,,-198687624.1,-337585981.7,,22.6170103,,,0.2141,,,,0.900994369,423404833.3,,,,,201528965.3,1.8,,,,,,,,,,,,,,,,,8.375596776
SLE,Sierra Leone,Sub-Saharan Africa,Low income,ECI-SLE-2023,2023,-201800561.3,3.147296741,201800561.3,,,6411869546,5.710021898,352895841.9,7233867713,47.64287333,29.21604884,29.21604884,22426022.27,-434541186.7,-740500848.2,55.86897635,6.102849581,,,0.526,,,,0.820009475,1344715324,,,,,1585529627,2.44,,,,,,,,,,,,,,,,,21.30487511
SLV,El Salvador,Latin America & Caribbean,Upper middle income,ECI-SLV-2023,2023,-730286689.5,1.87595294,638117023.6,-0.270962769,-92169665.85,34015620000,3.510977066,6126780000,40366490000,4.045546942,2.728845023,2.728845023,453700000,-8864731188,-6403200723,80.9228819,22.80008443,,0.1904,4.407,,,,2.068475079,18951426261,21243601246,18569851285,2673749962,13.01,13075722474,28.83,,,,90,98,,,,,,,4.01,2.485,4.449,2.992,7.231,1
SMR,San Marino,Europe & Central Asia,High income,ECI-SMR-2023,2023,,,,,,,,,,,,,,,,,,,,,,,,,,,,,,,,,,,,,,,,,,,,,,,,0.924709623
SOM,Somalia,Sub-Saharan Africa,Low income,ECI-SOM-2023,2023,,,,,,10968517090,4.216384326,802028890,16805834550,,4.572465613,4.572465613,143465000,,,92.68615435,,,,0.4792,,,,1.770280601,1996933695,,,,,2742955500,3.32,,,,,,,,,,,,,,,,,
SRB,Serbia,Europe & Central Asia,Upper middle income,ECI-SRB-2023,2023,-4564741075,6.013719961,4891719826,0.401976956,326978751.7,81342660752,3.847471128,13931606053,84875303650,12.37190436,13.84023214,13.84023214,2135767103,-7133656121,-3873197337,114.4939487,30.76667806,,,,,,,,45317495692,,,,,23677283314,7.86,,,,,,,,,,,,6.389,8.862,8.883,8.268,24.145,108.4026917
SSD,South Sudan,Sub-Saharan Africa,Low income,ECI-SSD-2023,2023,,,,,,,,,,2.382804348,,,1076166129,1763080000,55845000,,63.02655084,,,,,,,,,,,,,,,,,,,,,,,,,,,,,,,930.3314295
STP,S�o Tom� and Pr�ncipe,Sub-Saharan Africa,Lower middle income,ECI-STP-2023,2023,,-0.537224965,-3647630,-0.537224965,-3647630,678976264.8,0.372252775,,,21.25891385,21.68847611,21.68847611,,,,,,,,0.1219,,,,1.314586934,370751010.9,,,,,352814411.2,0.94,,,,,,,,,,,,,,,,,22.65842479
SUR,Suriname,Latin America & Caribbean,Upper middle income,ECI-SUR-2023,2023,63478742.24,-1.536730891,-53096300.24,0.300492111,10382442,3455146281,2.539566754,,,51.58731596,32.26860649,32.26860649,,787504990.5,329714270.3,,23.29067691,,,0.8383,0.0002,,,5.943366524,3293605027,,,,,2968402591,20.62,,,,,,,,,,,,,,,,,36.77586917
SVK,Slovak Republic,Europe & Central Asia,High income,ECI-SVK-2023,2023,-87933104.5,-0.246592871,-327742481.7,-0.312753585,-415675586.2,132908000000,1.378337272,26712938232,130805000000,10.53194766,10.13649125,10.13649125,2663125916,323377659,1342263644,182.314394,19.34098584,,0.1301,7.5765,,,,8.250920442,,83041312188,74245251794,8796060394,,,,,,,,,,,,,,,2.008,38.094,5.525,5.843,19.898,0.924839558
SVN,Slovenia,Europe & Central Asia,High income,ECI-SVN-2023,2023,-618530592.5,2.093516423,1447634542,1.199019976,829103949.7,69148468417,2.112591843,13295076846,64720435509,7.446877174,10.05010575,10.05010575,907515525,469016623.7,4351480551,160.0984447,31.63547474,,0.0027,4.7757,0.0049,,,7.542463644,,,,,,,,,,,,,,,,,,,2.121,8.61,3.845,3.652,9.878,0.924839558
SWE,Sweden,Europe & Central Asia,High income,ECI-SWE-2023,2023,17510442435,3.932079431,23001110545,6.925519699,40511552980,584960000000,-0.310670185,152373000000,561696000000,8.548624897,6.149069697,6.149069697,8754872951,33751208818,25477719411,106.3660261,37.26831358,,0.0153,13.3122,0.1556,,,4.661679368,,,,,,,,,,,,,,,,,,,3.91,24.172,5.916,7.611,22.073,10.6101613
SWZ,Eswatini,Sub-Saharan Africa,Lower middle income,ECI-SWZ-2023,2023,-50785644.93,0.633205897,28132551.48,-0.509874562,-22653093.44,4442875788,5.014904713,,,,1.620228005,1.620228005,67795175.16,167360297.4,-176193859.4,,14.27820707,,,0.8525,,,,2.673371767,926069588.5,,,,,959627339.6,4.07,,,,,,,,,,,,,,,,,18.45359249
SXM,Sint Maarten (Dutch part),Latin America & Caribbean,High income,ECI-SXM-2023,2023,-45125535.8,2.780922683,45267218.41,0.008704056,141682.6145,1627776949,3.8,,,,2.023121387,2.023121387,,-927188776.1,15331593.07,,98.49652574,,,,,,,,,,,,,,,,,,,,,,,,,,,,,,,1.79
SYC,Seychelles,Sub-Saharan Africa,High income,ECI-SYC-2023,2023,-279217315.4,11.19364333,239706294.2,-1.8450591,-39511021.24,2141450171,3.161714355,456952374,2381668629,-1.035300884,-0.932509493,-0.932509493,35926984.03,-885167613,-61816229.34,183.066895,132.7539115,,,0.7064,,,,11.17697645,,,,,,,,,,,,,,,,,,,1.399,2.917,3.233,2.934,9.003,14.0181107
SYR,Syrian Arab Republic,Middle East & North Africa,Low income,ECI-SYR-2023,2023,,,,,,,,,,,,,,,,,,,0.0404,4.9685,,,,1.74660981,3501530081,,,,,4578103851,,,,,,,,,,,,,,,,,,
TCA,Turks and Caicos Islands,Latin America & Caribbean,High income,ECI-TCA-2023,2023,,,,,,1402054391,1.199996745,,,,12.7470392,12.7470392,,,,,,,,0.0362,,,,2.387549245,,,,,,,,,,,,,,,,,,,,,,,,1
TCD,Chad,Sub-Saharan Africa,Low income,ECI-TCD-2023,2023,,,,,,13149325362,4.12231962,553471205.7,13750021759,10.83635684,-0.936604165,-0.936604165,372391938.8,,,91.57708128,,,,1.0713,,,,4.936952432,2215097557,,,,,2434496226,3.22,,,,,,,,,,,,,,,,,606.5697502
TGO,Togo,Sub-Saharan Africa,Low income,ECI-TGO-2023,2023,,-0.657746132,-60323620,-0.657746132,-60323620,9171261838,6.407922156,1153849166,10420104201,,2.594565299,2.594565299,276349076.7,,,61.42735677,,,,1.3125,0.0002,,,1.140640112,2679689484,,,,,2111483044,2.79,,,,,,,,,,,,,,,,,606.5697502
THA,Thailand,East Asia & Pacific,Upper middle income,ECI-THA-2023,2023,7159400751,1.265328501,6516045720,2.655587901,13675446471,514969000000,1.887257251,85714464685,498761000000,1.228026235,1.220238118,1.220238118,5765771787,19378861452,10442602106,129.1362623,23.75788422,,2.1042,79.7893,0.0189,,,6.147392344,120000000000,16459433598,297000000000,16459433598,5.49,37368479614,8.27,,,,,,,,,,,,1.712,0.462,0.816,0.733,4.368,34.80218858
TJK,Tajikistan,Europe & Central Asia,Lower middle income,ECI-TJK-2023,2023,-100542667.3,1.165612102,140579836.6,0.331966591,40037169.31,12060602009,8.299999217,,,,2.188219981,2.188219981,139525232.4,-3321677405,-3826437505,,8.223491158,,0.0433,1.9609,,,,2.063379667,5674280260,,,,,3191231238,3.81,,,,,,,,,,,,,,,,,10.844525
TKM,Turkmenistan,Europe & Central Asia,Upper middle income,ECI-TKM-2023,2023,,,,,,60628857143,6.300157585,,,,-3.283712711,-3.283712711,,,,34.0992738,,,0.8536,12.0538,,,,13.4150223,3517252539,,,,,3795333616,1.93,,,,,,,,,,,,,,,,,
TLS,Timor-Leste,East Asia & Pacific,Lower middle income,ECI-TLS-2023,2023,50105695.08,-2.409023893,-50105695.08,-0.817340347,-17000000,2079916900,-18.11781338,1100628900,2983557600,8.420351033,-20.83343803,-20.83343803,55111000,-149066050.8,-501904924.6,89.30059177,23.63860746,,,0.3417,0.0002,,,1.449989381,254756410.8,,,,,259088484.1,1.03,,,,,,,,,,,,,,,,,1
TON,Tonga,East Asia & Pacific,Upper middle income,ECI-TON-2023,2023,-3784836.561,,4926184.937,,1141348.376,,,,,6.351129803,,,,-220629501.5,-288116241.7,,45.6460912,,,0.1126,,,,3.270648298,151362667.6,,,,,168586752.9,,,,,,,,,,,,,,,,,,2.363698818
TTO,Trinidad and Tobago,Latin America & Caribbean,High income,ECI-TTO-2023,2023,2086156065,-5.682661318,-1555474291,1.938755791,530681774,27372285698,1.347675182,,,4.629302424,-10.18388327,-10.18388327,240704330.8,3762688996,2771695217,,12.13953327,,0.0094,2.5093,,,,24.99945156,,,,,,,,,,,,,,,,,,,2.579,3.705,3.577,3.362,7.898,6.750262379
TUN,Tunisia,Middle East & North Africa,Lower middle income,ECI-TUN-2023,2023,-739528917.8,1.498227904,727083940.2,-0.025644099,-12444977.51,48529595417,0.039156567,9582220220,52778975828,9.328995975,8.887636422,8.887636422,1208204190,-9052594480,-2220904969,107.1777716,29.99778669,,0.1651,8.1495,,,,3.57188201,24795860931,,,,,22335971711,11.29,,,,,,,,,,,,21.715,14.237,12.566,15.106,38.513,3.106166667
TUR,T�rkiye,Europe & Central Asia,Upper middle income,ECI-TUR-2023,2023,-4988000000,0.979295414,10951000000,0.533242494,5963000000,1118250000000,5.111168185,146467000000,1145590000000,53.85940876,68.23393416,68.23393416,15827853255,-86344000000,-29641000000,66.27660471,13.89211609,,2.2703,95.0401,0.0022,,,7.107214082,318000000000,,,,,152000000000,6.9,,,,,,,,,,,,9.868,8.031,11.253,9.388,17.476,23.73856612
TUV,Tuvalu,East Asia & Pacific,Upper middle income,ECI-TUV-2023,2023,,,,,,62280311.59,3.852809195,,,,6.004098705,6.004098705,,,,,,,,,,,,0.407497963,,,,,,,,,,,,,,,,,,,,,,,,
TZA,Tanzania,Sub-Saharan Africa,Lower middle income,ECI-TZA-2023,2023,-1627034507,2.057911761,1627034507,,,79062403821,5.069523532,6925574032,82131147125,3.799232914,2.748211894,2.748211894,905071614.4,-6032348970,-2078437442,38.21203481,10.89458684,,0.1231,8.91,,,,1.348223171,28460964290,,,,,19177682233,2.89,,,,,,,,,,,,,,,,,
UGA,Uganda,Sub-Saharan Africa,Low income,ECI-UGA-2023,2023,-2990803014,6.133376777,2991183813,0.000780823,380799.2328,48768955863,5.336972955,4665316635,50716021210,5.350948043,6.748015166,6.748015166,976660986.2,-3149346147,-4768325039,33.34169633,11.85540368,,,3.545,,,,1.096891252,17000767514,28257552128,22384487582,5873064547,,11436227527,4.96,,,,,,,,,,,,,,,,,3726.14046
UKR,Ukraine,Europe & Central Asia,Upper middle income,ECI-UKR-2023,2023,-4676000000,2.688006293,4805000000,0.072164997,129000000,178757000000,5.324335374,74513077774,216164000000,12.84902228,18.48045564,18.48045564,64753191604,-28795000000,-37737000000,78.09811367,23.36803307,,2.387,22.2331,0.0128,,,5.726916471,139000000000,,,,,96718815179,4.26,,,,,,,,,,,,,,,,,36.57380812
URY,Uruguay,Latin America & Caribbean,High income,ECI-URY-2023,2023,-2809711573,-7.090079236,-5476436112,-10.72767808,-8286147685,77240830877,0.367475176,,74721148379,5.869103599,3.43097019,3.43097019,1590099177,2133579393,2746124093,51.73348816,17.04127539,,0.6611,4.0156,0.0014,,,12.28840161,,,,,,,,,,,,,,,,,,,2.034,9.926,8.53,8.355,26.136,38.82391667
USA,United States,North America,High income,ECI-USA-2023,2023,105300000000,1.258207357,348784000000,1.638067771,454084000000,27720700000000,2.887556009,3723950000000,28518100000000,4.116338384,3.598391354,3.598391354,916015000000,-1063290000000,-784891000000,24.89936314,6.402390357,,6.3151,1710.6454,0.0034,,,17.79796745,,,,,14.27,,,,,,,,,,,,,,2.373,5.591,4.888,3.638,7.938,1
UZB,Uzbekistan,Europe & Central Asia,Lower middle income,ECI-UZB-2023,2023,-2144994201,2.122929247,2156721392,0.011543446,11727190.74,101592000000,6.291416351,14673561510,118860000000,,12.65853803,12.65853803,,-14858973274,-17596857367,64.37731464,13.39066577,,1.7722,16.3187,,,,6.017321684,50995848160,,,,,27184844704,8.47,,,,,,,,,,11,,,,,,,11734.83342
VCT,St. Vincent and the Grenadines,Latin America & Caribbean,Upper middle income,ECI-VCT-2023,2023,-83000571.11,7.63896383,81428525.19,-0.147476634,-1572046.296,1065962963,6.016109145,,,4.564577198,4.033144145,4.033144145,,-347285381.9,-218649366.3,,42.99086064,,,0.0338,,,,1.488309663,575628523.2,,,,,502861844.5,3.61,,,,,,,,,,,,,,,,,2.7
VEN,"Venezuela, RB",Latin America & Caribbean,,ECI-VEN-2023,2023,,,1434250000,,1434250000,,,,,,,,3917057.34,,,,,,0.105,17.6502,0.0179,,,5.38463963,,,,,,,,,,,,,,,,,,,,,,,,
VGB,British Virgin Islands,Latin America & Caribbean,High income,ECI-VGB-2023,2023,,,44158493710,,44158493710,,,,,,,,,,,,,,,0.0265,,,,2.336796204,,,,,,,,,,,,,,,,,,,,,,,,
VIR,Virgin Islands (U.S.),Latin America & Caribbean,High income,ECI-VIR-2023,2023,,,,,,,,,,,,,,,,,,,,,,,,0.232564789,,,,,,,,,,,,,,,,,,,,,,,,1
VNM,Vietnam,East Asia & Pacific,Lower middle income,ECI-VNM-2023,2023,-20050000000,4.305159287,18500000000,-0.360702535,-1550000000,429717000000,5.046430736,38038990172,409943000000,3.252892827,1.906231302,1.906231302,,44444000000,35241000000,166.323605,11.38912436,,2.6305,39.3183,0.052,,,5.222940222,105000000000,,,,,37055227573,7.03,,,,,,,,,,,,2.688,1.253,1.924,1.645,6.421,23787.31917
VUT,Vanuatu,East Asia & Pacific,Lower middle income,ECI-VUT-2023,2023,,0.39058402,4399200,0.39058402,4399200,1126313359,2.212941771,,,,11.31002133,11.31002133,,,,,,,,0.1469,,,,2.091701544,362290706,,,,,329915494.5,1.99,,,,,,,,,,,,,,,,,119.1125
WSM,Samoa,East Asia & Pacific,Lower middle income,ECI-WSM-2023,2023,-2396341.88,0.255376459,2395914.976,-4.55e-05,-426.9038885,938189443.8,8.584091218,170312338.6,1340978093,,8.710884357,8.710884357,,-385920923.5,-214798027.9,90.65748056,46.31399301,,,0.2399,,,,2.982050465,308627272.6,,,,,289446291.6,4.23,,,,,,,,,,,,,,,,,2.73843913
XKX,Kosovo,Europe & Central Asia,Upper middle income,ECI-XKX-2023,2023,-703007656.5,8.68016314,908658506.6,1.964525634,205650850.1,10468219225,4.067627014,1318925934,13678917715,4.944324388,4.563777691,4.563777691,133185465.9,-4973210161,-3206829833,109.9518629,44.53376356,,,,,,,,2525228737,,,,,829126953.2,2.41,,,,,,,,,,,,,,,,,0.924709623
YEM,"Yemen, Rep.",Middle East & North Africa,Low income,ECI-YEM-2023,2023,,,,,,,,,,,,,,,,,,,,2.6451,,,,0.818538867,5814628864,,,,,6688092520,,,,,,69.23000336,,,,,,,,,,,,1355.116379
ZAF,South Africa,Sub-Saharan Africa,Upper middle income,ECI-ZAF-2023,2023,-6254237592,0.90421279,3442331506,-0.738616093,-2811906086,380699000000,0.698485195,73663650752,377973000000,6.073908532,4.804271425,4.804271425,2781117202,5552511399,1217482584,65.18009555,8.625679304,,1.5516,49.4052,,,,8.259702719,114000000000,476000000000,270000000000,206000000000,,95554535436,6.1,,,,,,,,,,,,15.144,38.607,34.524,32.098,60.082,18.45024418
ZMB,Zambia,Sub-Saharan Africa,Lower middle income,ECI-ZMB-2023,2023,31089479.62,0.311507238,85907330.46,0.424240317,116996810.1,27577956471,5.367942855,3671393421,25333927574,10.88453169,7.094629603,7.094629603,377172056.2,1372853456,599476624.8,78.24188705,9.569145548,,0.228,2.3584,,,,1.470973339,23700678366,,,,,17613114677,3.61,,,,,,,,,,,,9.702,4.009,11.342,5.861,10.009,20.21201787
ZWE,Zimbabwe,Sub-Saharan Africa,Lower middle income,ECI-ZWE-2023,2023,-557873000,1.583455408,557873000,0.086570581,30500000,35231367886,5.336730495,5316143342,37921692613,,921.5356516,921.5356516,870433537.9,-1452927728,-2690324728,50.79496389,5.778392018,,0.0963,1.4784,,,,1.898270479,8911016023,,,,,6813700488,3.34,,,,,,,,,,,,5.949,8.581,11.282,9.348,15.858,3509.17222
